名称,地址,经纬度
润亿教育（魔法阅读绘本馆）,北京市朝阳区安立路60-7号,"116.405732,39.996039"
小优成长书房,天龙苑小区14号楼底商-9,"116.354124,40.083612"
卢卡智能绘本馆,北京市朝阳区北四环东路108号华堂新辰汇F3,"116.420775,39.987979"
孺子牛绘本馆,北京市昌平区城南中心小学东门,"116.209837,40.217190"
艾力学堂分级阅读,北京市朝阳区亚运村漂亮购物中心,"116.406562,39.993464"
童心童阅主题阅读成长中心,北京市朝阳区安立路68号飘亮购物中心三层办公室D区D370号,"116.456048,39.914222"
安妮花阅读馆北京华创馆,北京市朝阳区林萃路林萃西里16号楼华创生活广场F3,"116.372557,40.010217"
森兰美育（Polly speak）,北京市朝阳区汇中广场3层306,"116.413900,40.032295"
麦珂秀英文桌游（亚运村校区）,北京市朝阳区小营北路51号4号楼臻园科技2层209号,"116.422855,40.001189"
优学星益铭瑞智成长中心,北京市昌平区史各庄街道朱辛庄南区3号底商,"116.308466,40.099549"
乔励少儿英语启蒙,天通苑北二区南门,"116.413150,40.083552"
青提阅读,北京市昌平区回龙观街道龙域北街8号院1号楼（龙域国际中心B座）1至2层210,"116.314004,40.066644"
普林教育,北京市朝阳区林萃路倚林佳园24号楼2层、大屯路风林绿洲16号楼底商,"116.385559,40.001721"
Grace英语工作室,通广嘉园,"116.629435,39.890049"
爱成长学习空间,昌平区回龙观龙跃苑一区文化东路22号1层南侧商业区,"116.350606,40.072936"
新语教育,北京市昌平区科星西路美唐花园综合楼6号楼702室,"116.358386,40.079963"
快乐青苗双语阅读馆,北京市朝阳区林萃西里16号楼华创生活广场F3,"116.372557,40.010217"
知子英语,西城区马连道中里一区12号楼,"116.329615,39.886460"
红领巾教育辅导补习,北京市朝阳区安立路68号B3-703室,"116.409078,39.997926"
安妮花阅读馆,通州区怡乐中路李老社区商业中心3层3001,"116.635692,39.891105"
汤姆之家儿童成长中心,北京市昌平区昌盛路6号办公楼2层,"116.251225,40.210683"
美森诺柯少儿英语（京贸校区）,通州区怡乐中路299号院京贸国际公馆1号楼102,"116.635011,39.884586"
悦读阅美,北京市昌平区黄土村路龙博苑,"116.339593,40.069019"
大梦智育英文培训,昌平区昌崔路198号2号楼7层704,"116.266358,40.219934"
凡享中英文双语阅读馆,昌平区超前路37号院28号楼1层101,"116.257369,40.205621"
外教一对一,北京市朝阳区双井乐成公馆,"116.474367,39.896418"
乐派英语,北京市昌平区振兴路28号院绿创大厦三层319,"116.248148,40.207534"
北京Lily英文思维馆,北京市朝阳区东三环海文大厦B座三层,"116.460181,39.881962"
海思原版英语,北京市东城区安乐林路16号,"116.418789,39.865310"
睿星学堂,北京市东城区东打磨厂街7号宝鼎中心A座2层,"116.413288,39.899796"
睿星教育,北京市东城区西花市南里东区16号楼底商12号,"116.427245,39.895113"
安妮阳光英语阅读,东城区永定门外街道安乐林路天天家园3号楼2层202,"116.406048,39.865003"
幸福三能,北京市朝阳区民族园路2号唐人街购物中心F2层,"116.390654,39.981199"
安贞街道图书馆·共学空间,北京市朝阳区安贞华里二区11号楼二层,"116.404287,39.966643"
艾阅迪原版阅读,东城区东打磨厂街7号宝鼎中心A座新活馆F2,"116.413372,39.899650"
米北教育,西城区西直门国英1号712室,"116.358428,39.936527"
小栗子绘本馆,西城区西派国际一号楼底商112房间,"116.365850,39.912600"
智慧家儿童成长中心,西城区德胜置业大厦2号楼3层,"116.383737,39.962249"
慧读国际·全科辅导·一对一·小班课,北京市朝阳区广顺北大街36号（聚宝源楼上）三层3-023号,"116.468391,40.003422"
金色摇篮全程实验学校,北京市朝阳区大屯街道大屯北路慧忠北里第二社区119号楼,"116.405327,40.008053"
爱成长学习空间,北京市朝阳区太阳宫地区宫南街水星园5号楼底商三层,"116.451875,39.971511"
言然英语伴学,通州西门新仓路2号院,"116.649530,39.906567"
睿恩美域学习中心,房山区西潞街道苏庄三里文化广场14号,"116.121645,39.725490"
葡萄心儿童语言-思维-社交,通州区台湖镇铺外路台铭国际28号楼,"116.622711,39.831412"
网易科创思维馆,北京市朝阳区北辰东路8号院1号路新辰里F3,"116.406533,39.991626"
千树围读,北京市朝阳区太阳宫一街1号院10号楼1-106,"116.416809,40.045594"
艾瑞斯青少儿成长中心,北京市朝阳区青年路佳亿·青年汇南厅三层,"116.517166,39.921649"
胶囊英语,胶囊绘本馆 珠江绿洲家园9号楼101室,"116.559167,39.907452"
藤跃行英文阅读俱乐部,通州区M5运河一号3号楼211,"116.686446,39.912962"
小船桨悦读馆睿丁（北苑校区）,通州区北苑街道玉带河西街西关清真寺三层,"116.641351,39.902199"
魔奇英语（K酷时尚广场店）,北京市朝阳区北苑路42号K酷时尚广场三楼,"116.419026,40.033422"
傲蕾国际教育（朝阳奥运村校区）,北京市朝阳区红军营南路傲城融富中心C座三楼,"116.414097,40.032252"
苍鹭托管,通州区梨园镇颐瑞西里2号楼1-2层128,"116.679528,39.868830"
网易科创思维馆,通州区中北商务大厦2楼,"116.687447,39.913956"
伴鱼智学中心,北京市朝阳区北苑路170号8号楼1层108,"116.420006,39.998362"
闪闪老师,北京市朝阳区北苑乐想汇3层阳光教室（星巴克楼上）,"116.413921,40.031665"
睿丁英语（望京中福校区）,北京市朝阳区望京南湖东园中福百货4层,"116.463183,40.000260"
AYQ英语阅读馆（石景山古城店）,石景山区城通街26号院2号楼1至2层8-11,"116.183218,39.905492"
大号书英语（分级阅读）,房山区福泽路六号院一号楼一层219,"116.143426,39.748889"
英研国际·剑桥原版,北京市朝阳区望京街道SOHO中心T1望京SOHOT1商场,"116.481529,39.996288"
星乐汇培训机构,石景山区八角街道八角西街85号首钢实业大厦2-3层,"116.198273,39.913583"
句象书店（保利广场店）,北京市朝阳区来广营地区香宾路66号，保利广场东座L1-01,"116.465687,40.016907"
瑞得阅读空间,北京市石景山区金鼎北路9号院一楼底商,"116.120885,39.958758"
畅说语言儿童中心,石景山区古盛路36号院,"116.183818,39.910012"
京师儿童素养,北京市朝阳区双营路甲6号北苑大酒店609,"116.425298,40.036693"
蜗蜗绘本馆,房山区长阳加州水郡西区,"116.166609,39.768354"
小禾苗口才英语,海淀区花园路,"116.365682,39.977085"
书禾阅读馆,东城区朝阳门南小街2号楼1层109室,"116.426552,39.923235"
星辰阅读馆,东城区和平里中街17号6楼602,"116.420337,39.957492"
匹诺曹绘本馆,东城区崇文门外街道西花市大街33号,"116.424620,39.897486"
小小悦读,东城区富华大厦E座B1室,"116.436152,39.930916"
草莓英语（北苑中心）,北京市朝阳区来广营市红军营东路北苑家园蕴实园2楼,"116.433530,40.036230"
老约翰绘本馆（秋实街店）,北京市朝阳区秋实街北苑家园北区11号楼,"116.430911,40.041784"
英思教育,昌平区鼓楼南街估依市胡同1号3层,"116.232975,40.223503"
海迪加阅读馆（亚运村店）,北京市朝阳区北苑路安苑北里26号3层313,"116.412098,39.986973"
乐伴儿童英语,西城区展览路街道金贸大厦A座,"116.348752,39.938794"
多米儿童阅读馆,北京市昌平区龙域北街5号院1号楼323,"116.309826,40.066505"
睿丁英语（望京中福校区）,北京市朝阳区望京南湖东园中福百货4层,"116.463183,40.000260"
剑桥英语（熊大阅读）,北京市昌平区天通新领域41号楼A座102室,"116.415047,40.069664"
汤姆之家儿童中心,昌平区城北街道昌盛路6号办公楼2层,"116.251225,40.210683"
童真达尔儿童成长中心,昌平区回龙观西大街华联BHGMall2层,"116.328447,40.077734"
布布斯儿童阅读馆,昌平区育知东路华联商厦3层,"116.333495,40.079204"
葡萄籽绘本,昌平区回龙观黄平路19号泰华龙旗广场E座,"116.346246,40.067647"
中科欣研分级阅读,昌平区三旗百汇天阳亲子广场,"116.346470,40.063621"
菁华教育,昌平区龙腾苑六区北侧底商3号楼-10,"116.332255,40.073337"
睿智豆绘本馆,昌平区天泽苑2号楼2-3,"116.227814,40.222457"
小帆船阅读,昌平区超前路16号,"116.247864,40.203406"
新华阅读馆,昌平区天通苑东苑东三区2号楼国泰百货3层,"116.436658,40.067798"
知识城堡童书馆,昌平区北清路名佳花园三区21号楼2单元1层21-2号,"116.419633,40.104477"
棒棒糖英语,昌平区西大街14号,"116.667969,39.907134"
小书芽学堂,昌平区太平庄东一路天通东苑二区,"116.439357,40.065450"
萌卡纳绘本馆,昌平区天通苑东二区37楼11单元102,"116.439357,40.065450"
彩虹英语启蒙,昌平区天通苑东二区40号楼4单元101,"116.439357,40.065450"
乐智家教育,昌平区高教园北街家园一区底商17号楼108,"116.266070,40.163327"
伊雯原版分级阅读馆,西城区手帕口南街80号天佑京铁F4层,"116.343152,39.876792"
北极光双语绘本馆,西城区贵都国际中心,"116.348209,39.881758"
一起玩儿童会馆,北京市北京市朝阳区十里堡甲3号院(东恒时代三期)16号楼108室,"116.501778,39.911907"
大通分级阅读馆,西城区紫园新风里Z7号楼2层,"116.353855,39.919520"
新识原本阅读馆,西城区黄寺大街德胜置业大厦5号楼1层,"116.382515,39.961824"
凡希儿童之家,北京市北京市朝阳区南湖南路十号院529号楼一层101,"116.465681,39.895119"
安特思库儿童成长馆(望京分校),北京市北京市朝阳区广顺北大街望京西园4区426号底商,"116.474395,40.004173"
嘉浩少儿成长中心(康营店),北京市北京市朝阳区香江北路13号附近,"116.537149,40.033244"
安东尼绘本馆,西城区西直门南小街8号院南门6号楼1层105底商,"116.358873,39.934504"
悠恩儿童之家日托中心,北京市北京市朝阳区广善路瑞平家园2号院102号商业,"116.487974,40.030828"
乐陶陶儿童成长中心,北京市北京市朝阳区西平街丙9号一层,"116.592096,40.046162"
未来原版阅读,西城区马连道南街16号,"116.323939,39.884357"
培奇儿童成长中心,北京市北京市朝阳区西大望路27号东方文创园79幢二层,"116.482240,39.887052"
绘未来儿童成长中心(亚运村校区),北京市北京市朝阳区北京城区飘亮广场三层,"116.598225,39.924875"
小马悠悠国际儿童成长俱乐部(三元桥店),北京市北京市朝阳区曙光西里甲5号凤凰城二期C座103号,"116.454053,39.962858"
树屋少儿绘本馆,西城区塔院胡同德胜凯旋大厦B座212,"116.380669,39.956201"
亿未来儿童成长中心(大柳树校区),北京市北京市朝阳区大柳树路甲100号轻氧社区院内,"116.507563,39.875644"
KINDERBAUM启德国际儿童成长中心????,北京市北京市朝阳区望京西园三区314楼B座一单元101,"116.475654,40.000075"
青枣读书·少儿读写素养主题书房(望京书房),北京市北京市朝阳区望京街道悠乐汇E座510,"116.478817,39.989848"
朝阳区八里庄儿童成长中心,北京市北京市朝阳区八里庄西里74号(四惠地铁站D西北口步行360米),"116.502960,39.908447"
小跳羚少儿英语,西城区西直门南小街67号国英园1号楼426,"116.358681,39.936440"
禾苗儿童之家,北京市北京市朝阳区望京西园四区418底商C门口右边,"116.471221,39.996549"
群艺芳华儿童成长中心(利泽西园校区),北京市北京市朝阳区利泽西园元典美术馆北门二层,"116.465342,40.013401"
慧幼国际儿童教育中心,北京市北京市朝阳区通惠家园惠润园8-3,"116.503886,39.909780"
优优星空儿童阅读,甜水园街图书批发市场4层473室,"116.478058,39.926686"
浩瀚儿童综合素质教育中心,北京市朝阳区龙湖长楹天街西区3楼29号、朝阳北路万象新天4区427号,"116.591073,39.927969"
多智慧儿童教育中心,南湖西园503号,"116.454694,39.989095"
弘毅夸克儿童成长中心(蓝色港湾店),北京市北京市朝阳区朝阳公园路6号蓝色港湾儿童城G层K022,"116.507937,39.943253"
乐融儿童之家,北京市朝阳区仰山路4号1幢1层101室,"116.413698,40.026601"
伊莱原版分级阅读馆(合生汇校区),北京市朝阳区西大望路甲22号院1号楼合生汇写字楼三楼310号商铺,"116.479149,39.893887"
英伦阅读馆(亚运村店),北京市朝阳区安立路68号太阳飘亮购物中心二楼东侧,"116.409200,39.997383"
读书种子悦读馆,北京市朝阳区大屯街道慧忠北里309号第五大道三层亚运村图书大厦西侧,"116.406980,40.003185"
麦馨艺术绘本托管培训,北京市朝阳区豆各庄(地区)乡青青北街,"116.578719,39.865797"
BIBF绘本馆,北京市朝阳区工体东路16号中图外文书店4-5层,"116.451025,39.926300"
#N/A,北京市朝阳区广顺北大街里外里公寓429号楼3单元302~303室,"116.467690,40.007367"
飞鸟阅读馆(陆港城店),北京市朝阳区常营朝阳北路20号院陆港城下沉广场最东侧B-105,"116.600421,39.926809"
禾瑞英语,房山区长阳镇阜盛东街55号院13号楼102,"116.192139,39.734068"
呤呤中英文分级绘本阅读馆,北京市朝阳区芳园南里9号院6号楼1楼120号（永辉超市向西60米）,"116.485094,39.970726"
皮特猫英文馆,朝阳区大鲁店北路富力又一城B区文体中心2楼,"116.562223,39.847225"
吉娜绘本馆,房山区卓秀北街远洋新仕界,"116.181109,39.724772"
麦粒英语可乐部（望京街店）,朝阳区望京合生麒麟社1号楼底商4-3,"116.477382,39.996579"
玛玛洛可·儿童中心（朝丰家园校区）,朝阳区天达路朝丰家园15号院底商二层,"116.563223,39.851480"
说客英语,海淀区白家瞳尚峰园1号楼8层919,"116.186331,40.048447"
艾瑞斯青少年成长中心,朝阳区青年路亿·青年汇南厅三层,"116.512957,39.922470"
爱丽丝英语,北京市丰台区西三环南路甲27号丽泽桥居然之家三层3-308,"116.312541,39.867564"
爱阅迪英文图书馆,北京市海淀区北四环西路68号中关村图书大厦三层里厅少儿区,"116.304391,39.984405"
伴柠易柏英语,顺义区石门苑8号楼2单元1层101,"116.634346,40.131549"
daisy English 雄安原版英语（春田花花）,河北保定,"115.952214,39.808481"
爱诺迪启蒙英语,西城区黄寺大街21号2号楼203,"116.387437,39.963609"
群艺芳华儿童中心,西城区车公庄大街甲4号物华大厦A座3层316,"116.352869,39.931727"
红马通·京师环球教育（翠城馨园店）,北京市朝阳区垈头街道翠城馨园,"116.507525,39.864987"
七比特英语,两店，河北廊坊,"115.952214,39.808481"
爱之泉幼儿教育,北京市西城区鸭子桥路1号院4号楼104,"116.346607,39.877231"
胡杨印象英语的颜色,北京市昌平区霍营街道回龙观东大街紫金新干线1区24号楼5号,"116.363310,40.081171"
华夏崔老师英语教育,北京市延庆区玉皇阁大街格兰山水二期-南区,"115.971877,40.468084"
寰球英语,北京市房山区长阳镇领峰11号院1号楼108底商,"116.186315,39.762518"
魔奇英语,北京市海淀区中关村东路123号都市网景4号楼底商二层,"116.333552,39.970729"
读小禾阅读馆,西城区月坛街道西便门外大街7号院生达大厦317,"116.350332,39.902891"
语颜空间,昌平区东亚上北鑫座,"116.330909,40.079440"
瑞思少儿中心(珠江帝景校区),瑞思少儿中心(珠江帝景校区),"116.483414,39.888326"
乐读拾光英语分级阅读馆,北京市昌平区振兴路8号-101号,"116.235413,40.207391"
外研壹佳UNICLUB(北外店),北京市海淀区西三环北路3号,"116.307093,39.959180"
英思泰迪培训学校,北京市西城区龙泉胡同1-1号,"116.379133,39.878546"
厚海原版英语(融通高科大厦),北京市海淀区西二旗大街融通高科大厦,"116.309329,40.052164"
米莱知识宇宙儿童书店,北京市北京市朝阳区清河营南一街与清河营东路交叉口东80米,"116.437782,40.043554"
小猪小象英文绘本馆,北京市北京市朝阳区郎辛庄北路58号(郎辛庄地铁站B东北口步行440米),"116.571762,39.855443"
左邻幼舍绘本馆,北京市北京市朝阳区东坝中街13号院2号楼112-1,"116.533975,39.965759"
思雅福娜英文绘本馆,北京市北京市朝阳区东柏街28号北汽双井文创园E101,"116.459604,39.913950"
洛普瑞迪工作室lop-read studio,北京市北京市朝阳区沿海赛洛城221号楼下沉广场101号,"116.505033,39.897856"
语橙英语,北京市通州区临河里路华业东方玫瑰a区a座2楼,"116.685556,39.880871"
普林教育,北京市朝阳区林萃路倚林佳园24号楼2层,"116.370757,40.013872"
斯麦尔绘本,通州区东四路太湖银河湾六号院底商9-6,"116.587944,39.814671"
望远镜与大脚丫儿童书店(富力城店),北京市北京市朝阳区广渠门外大街5号院30号楼1层商业17,"116.456353,39.911210"
顺天府学教育中心(和平西桥校区),北京市北京市朝阳区和平里西街1号院C号楼3层,"116.417581,39.967983"
紫赢师教育(红玺台分部),北京市北京市朝阳区太阳宫镇太阳宫二街3号院红玺台2号楼底商,"116.440226,39.980556"
桃得乐日托,北京市朝运街红松园26号鼎石元素数字文化产业园E幢103号,"116.561165,39.965118"
泓云教育,北京市北京市朝阳区北京城区北苑路甲36号金苑大厦c座302,"116.419228,40.035602"
菲斯少儿英语,通州区土桥新桥东,"116.708793,39.866168"
松果阅读成长中心,通州区新仓路2号院2号楼1层底商,"116.649500,39.906362"
美森诺珂教育,通州区月亮河度假村18号楼1层,"116.675715,39.920976"
inspire英思蓓儿英文俱乐部,北京市西城区右安门内大街28号紫金印象销售中心303-1号,"116.364536,39.873666"
新麦迪素质成长中心,北京市通州区五所南路云景豪庭,"116.667773,39.877892"
必德国际教育,北京市朝阳区望京街10号,"116.483924,39.992751"
悦读奇缘亲子图书馆,广渠门内大街2号六壹广场F2,"116.442265,39.893241"
永红杨妈英语阅读馆,北京市顺义区高丽营镇闫家营村国槐大街54号,"116.529084,40.152591"
阅读森林绘本馆,通州区玉带河东街安莱大厦A座4楼108,"116.687817,39.901076"
培根绘本馆,通州区首开万科翡翠四季B区,"116.585164,39.817859"
纽带中英文图书馆,通州区新华联南区47号楼3楼,"116.636656,39.889958"
尚然悦读馆,通州区京榆旧线中国艺术品交易中心311室,"116.726808,39.941817"
简爱成长阅读馆,通州区迎熏东路金隅自由筑一期,"116.701409,39.876448"
千亿阅读绘本馆,通州区科创十街1号院4号楼1层107,"116.566955,39.795292"
圣智阳光教育,通州区马驹桥兴华嘉园2号楼8号底商,"116.553226,39.753765"
子安未来儿童书店,通州区玉桥中路66号物业楼2楼,"116.677713,39.894591"
好学识教育,通州区徐辛庄派出所西侧50米,"116.690127,39.989463"
遇见佩奇绘本馆,通州区马驹桥兴贸二街富力·尚悦居B区底商,"116.584868,39.766803"
学方教育(太阳宫校区),北京市北京市朝阳区太阳宫中路12号冠城大厦(太阳宫地铁站C东南口步行200米),"116.447464,39.972633"
远眺教育,北京市北京市朝阳区东坝中街甲102号,"116.564113,39.963708"
金瑞亨教育,北京市北京市朝阳区将台乡东八间房临8号综合楼底商6号,"116.525662,39.978425"
赤焱教育,北京市北京市朝阳区西大望路27号院w3号楼,"116.482258,39.886184"
金启航教育儿童中心,中弘北京像素南9一层103,"116.613779,39.928797"
习思堂教育(大悦城校区),北京市北京市朝阳区北京城区青年路2号院汇财商务写字楼底商2层,"116.512878,39.932242"
唯寻国际教育(望京校区),北京市朝阳区东湖街道望京东路中航产融大厦B座13F,"116.491220,40.000224"
绿洲儿童图书馆,北京市朝阳区九龙山路苹果社区北区2号楼C座2212室,"116.469999,39.899945"
多乐小熊国际日托早教(远洋一方中心店),塔营北街2号院14号楼-1至2层101号2层206至217号,"116.577647,39.908401"
丹尼尔成长中心(草房店),北京市朝阳区五里桥一街1号院非中心18号楼二层,"116.612839,39.928947"
乐思阅读,北京市顺义区石园大街石园-北区,"116.669228,40.108340"
Joy Reading英文原版分级读写俱乐部,北京市朝阳区管庄路130号8号楼东方华瑞大厦A313(全季酒店楼上),"116.591084,39.924271"
英语角,北京市海淀区新都路建材城富力桃园-A区,"116.378852,40.063684"
JJ专业教育中心,北京市朝阳区南奥道28-1-103号奥林匹克花园二期104号,"116.541779,39.963509"
传奇美语,北京市西城区牛街11号圣芳商厦3楼,"116.363157,39.884929"
睿丁少儿成长中心,东城区崇文门大街新活馆三层中厅 F310,"116.414182,39.899464"
企鹅家族英语,北京市丰台区蒲方路芳星园二区六号楼时代life广场三层,"116.434917,39.864596"
智海马英语,北京市朝阳区东大桥路8号院-1号,"116.451769,39.919233"
学比邻AI智能英语,北京市大兴区兴华大街202号,"116.332919,39.756760"
BOOKA乐读阅读成长中心,北京市朝阳区青年路西里 5 号院 15 号楼 2 层 203 内 07 号,"116.516388,39.927128"
美森诺珂教育,北京市通州区河滨路1号月亮河度假村6号楼1层,"116.675715,39.920976"
枫叶派成长中心,北京市昌平区财神庙胡同19-2(邑上苑北门对面),"116.234943,40.226022"
kissabc智能英语体验中心,北京市昌平区城北街道瑞光胡同10号,"116.228655,40.222776"
爱尚学幼小衔接&少儿英语,北京市朝阳区沿海赛洛城底商211-1号(地面非下沉),"116.503875,39.897794"
易贝乐少儿英语,北京市朝阳区望京西路甲50号-1卷石天地大厦a座101室,"116.458218,39.983707"
卡卡少儿培训,北京市顺义区仁和镇石园北区甲 7 号楼 1 层三单元 101 室（石园小学东 50 米底商）,未匹配
艾克国际少儿英语,北京市海淀区信息路28号科实大厦b座,"116.312163,40.034946"
常青树教育,北京市昌平区交通街北京南口昌语乐园北侧约30米,"116.133381,40.239373"
北京西城汉英培训学校,北京市西城区宣武门外大街8号庄胜广场南馆一楼,"116.375070,39.896338"
北京市通州区永新路55号,北京市通州区永新路55号,"116.571427,40.089998"
喜阅双语阅读艺术美育,北京市朝阳区东坝中街奥林匹克花园奥道底商13-3室,"116.543420,39.961091"
乐梦营Learn More English,北京市海淀区远大路1号金源时代购物中心B区写字楼昊永物业709号,"116.289279,39.960010"
畅想童年双语艺术培训园,北京市丰台区大红门南路58号,"116.395668,39.817709"
麦芽优学,北京市朝阳区呼家楼街道东大桥路8号-1106,"116.452875,39.918622"
Fun Study乐学探索英语培训,北京市朝阳区常营中街龙湖北京长楹天街南六门南侧约40米,"116.598225,39.924875"
睿丁少儿成长中心,通州区玉带河西街65号西关清真寺3楼,"116.641351,39.902199"
睿德培训学校,通州区次渠大街98号百发隆购物中心三楼301,"116.578721,39.802704"
威尔英语,通州区泰禾一号院6号楼西南门附近,"116.580097,39.817543"
玛玛洛可少儿英语,通州区张家湾镇华远好天地博纳影城二层,"116.695784,39.870893"
洪恩教育,通州区云景豪庭B座349号,"116.670123,39.877459"
想象力成长中心,通州区BCD加州小镇B区底商98号,"116.681325,39.868379"
伴步英文阅读,石景山区京西珠宝城2层,"116.223015,39.906304"
词小象,石景山区鲁谷东街8号玉泉电器三层A09号,"116.236553,39.903239"
沐阳熊分级阅读馆,石景山区古城南路32号天圣发商业中心F3,"116.189700,39.911370"
哈尼伴步英文阅读,石景山区万达广场D座1701,"116.224495,39.905987"
蓝莓果儿童成长中心,石景山区古盛路36号院中海金鑫阁4号楼一楼108,"116.184543,39.909624"
新起点辅导中心,石景山区金顶街阳光教育大厦底商,"116.163583,39.929572"
傲然培训学校,北京市朝阳区红军营南路汇中广场,"116.414137,40.032282"
藤跃教育STEAM CENTER(望京西园中心),北京市朝阳区广顺北大街33号望京西园四区415号楼105号,"116.473082,39.995999"
剑桥国际培优,北京市朝阳区草房西路中弘像素小区北区11号楼,"116.613705,39.926840"
豆苗新知教育,望京西路48号金隅国际9号楼底商二层,"116.458519,39.986809"
智学果·单词速记(东坝店),北京市朝阳区朝新大街朝新嘉园东里七区,"116.550479,39.952254"
苗思教育(常营校区),北京市朝阳区东十里堡路1号未来时大厦3楼304室,"116.603055,39.924539"
外研社分级阅读馆,石景山区八角东街12号京成商厦F2,"116.207195,39.920472"
颐泽英语学园(欢乐谷校区),北京市北京市朝阳区金蝉欢乐园2号院甲1号楼欢乐购物商场一层,"116.601334,39.924975"
智海马英语(北京)朝阳中心,北京市朝阳区东大桥路8号院尚都国际中心A座F20层,"116.451475,39.919740"
一直学语言学院·英语/韩语(合生麒麟新天地店),北京市北京市朝阳区麒麟社2号楼315,"116.443136,39.921444"
Better·青少儿英语素养中心,定福庄北里1号鲁班大厦,"116.562231,39.916525"
单词猩猩智能英语伴学室(住邦2000店),北京市朝阳区八里庄西里98号住邦3号楼1906,"116.494301,39.914680"
从荣智慧教育(北苑中心),双营路11号美立方3号楼四单元703室,"116.418805,40.038794"
百里国际教育·雅思托福GRE·Alevel培训,北京市朝阳区建外Soho东区3号楼2804室,"116.459702,39.906199"
桥吧英语(朝外SOHO),北京市朝阳区朝外大街乙6号朝外sohod座6楼622室,"116.454812,39.920432"
方庄能动英语屋,北京市丰台区南三环东路25号院邮政科研所大楼内（刘家窑地铁B口东北侧）,"116.423230,39.858223"
乐阅读中英文童书馆,北京市丰台区青塔西路58号珠江峰景24号底商二层,"116.266719,39.879067"
悄悄树绘本馆,北京市丰台区万源南里22栋旁底商（原露天老游泳池旁）,"116.424798,39.797027"
向日葵中英文绘本馆,北京市丰台区马家堡东路106号新天地写字楼1002号,"116.387509,39.841306"
外研社分级阅读馆（知行阅读绘本馆）,北京市丰台区马家堡街道嘉园三里3号楼天阳亲子广场二层知行阅读绘本馆,"116.365506,39.845558"
易贝乐少儿英语（公益西桥中心）,北京市丰台区公益西桥乐天玛特4层,"116.365729,39.831508"
艾星嘉教育,海淀区安河家园三里七号楼小区外底商,"116.124809,40.073270"
理查德DE书屋,海淀区龙背村路西山庭院1号楼2层S8,"116.274602,40.017904"
恩多教育空间,海淀区华清嘉园23号楼,"116.334559,39.989919"
乐梦营英语,海淀区金源时代购物中心B区写字楼昊永物业709号,"116.289279,39.960010"
外研壹佳,海淀区西三环北路3号,"116.307093,39.959180"
哈鹿儿童中心,海淀区中关村大街42-6号4层,"116.320822,39.969653"
艾克国际少儿英语,海淀区信息路甲28号科实大厦B座F3层,"116.312163,40.034946"
皮博迪分级阅读馆,海淀区西小口路88-17号,"116.343925,40.046468"
念念绘本馆,海淀区显龙山路北辰香麓雅庭,"116.178434,40.049042"
北京市丰台区ABC外语培训学校,北京市丰台区马家堡东路106号远洋自然大厦四层402号,"116.387519,39.841328"
安迪童书馆,北京市丰台区六里桥风荷曲苑20号楼001室,"116.299623,39.882029"
蓝鱼英文绘本馆,北京市丰台区三环新城8号院8号楼1单元1301,"116.307534,39.849316"
外研社分级阅读馆（臻美云岗分馆）,北京市丰台区王佐镇天空城堡北侧教学楼二层东臻美原创艺术坊,"116.148532,39.808051"
外研社分级阅读馆（十二中附小分馆）,北京市丰台区仪南路1号院3号楼108底商,"116.410171,39.970439"
糖果国际少儿英语,北京市丰台区公益西桥东亚三环中心8号商业楼三层（4号线地铁公益西桥站B出口）,"116.370773,39.837353"
Gogo Reading,海淀区西直门北大街32号枫蓝国际购物中心F3,"116.356509,39.953014"
芝麻开花阅读社,海淀区世纪城汇博大厦519,"116.277615,39.966540"
亚历山大绘本馆,海淀区双清路清华大学液晶大楼一层,"116.333421,39.997010"
Mimo托育-日托早教(常营双语店),北京市北京市朝阳区常惠路2号楼103号,"116.599836,39.931100"
思答得教育,北京市北京市朝阳区建外SOHO东区A座608-1,"116.460772,39.906078"
珊漫英文阅读,北京市北京市朝阳区北美国际商务中心C座201A,"116.429203,40.005977"
语研·英语(达美中心广场店),北京市北京市朝阳区青年路7达美中心4号楼1层40101-06,"116.516565,39.936273"
朗思英语培训(北苑店),北京市北京市朝阳区水岸南街1010号艾达成长乐园3层,"116.433148,40.051947"
博智教育(北京校区),北京市北京市朝阳区东三环北路甲2号京信大厦22B7,"116.461443,39.954283"
必德国际教育,北京市北京市朝阳区北京城区望京SOHO塔1A座802,"116.470293,39.996171"
启言小外交官-宋庆龄英语朝阳校,北京市北京市朝阳区北京城区百子湾西里103号楼1层101-3,"116.496250,39.900130"
大象阅读馆,海淀区清缘西里甲六号楼,"116.297700,39.959893"
朗阁教育(百子湾路店),北京市朝阳区双井街道百子湾路32号苹果社区6号楼33号,"116.470561,39.898763"
智慧家儿童成长中心(六佰本校区),广顺北大街19号2层02层A11,"116.467017,40.007069"
雅米成长中心(常营校区),北京市北京市朝阳区常通路长楹天街西区星座5栋2602,"116.599267,39.925008"
DK国际儿童图书馆(望京校区),北京市北京市朝阳区望京西路53号DK国际儿童图书馆三层,"116.456920,39.992001"
悦伴原版英文读写馆,北京市北京市朝阳区北京城区望京SOHOt1 c座706,"116.470293,39.996171"
魔法班长背单词学习中心(望京店),北京市北京市朝阳区望京悠乐汇B区E座1512,"116.478170,39.990179"
大鼻子国际教育中心,北京市北京市朝阳区成寿寺路138号院1号,"116.449716,39.840877"
萌狮少儿英语,海淀区西三旗街道迎福路福美苑9号院2楼204,"116.340691,40.042885"
雅米成长中心,海淀区中关村南大街17号8层805,"116.321511,39.954018"
七彩悦读绘本馆,海淀区安宁庄前街清上园小区2号楼底商二层,"116.331336,40.039012"
丝路英杰趣味绘本馆,海淀区清河怡美家园商务楼101,"116.320394,40.040419"
英伦阅读馆,海淀区万柳中路11号派顿大厦301,"116.296631,39.967633"
金桔儿国际儿童成长中心,海淀区建材城西路62号北京沁春汇D座3层,"116.335354,40.057919"
优嘉儿童绘本馆,海淀区北洼路乙32号蒲公英亲子广场,"116.302743,39.933866"
金汉嘉英语,海淀区世纪科贸大厦B座1108,"116.333988,39.984579"
七彩阳光英语,海淀区三里河路17号甘家口大厦7层712,"116.333228,39.927223"
悦读时光双语阅读,海淀区安宁庄东路11号上林溪东门底商,"116.327427,40.047442"
小书虫阅读馆,海淀区清河中街7号二层,"116.341467,40.030979"
尚蒙堂阅读馆,海淀区玲珑天地大厦A2座1120号,"116.427745,39.964136"
魔力绘本馆,海淀区玉海园五里14号楼底商3门101,"116.257972,39.920645"
个人独立老师,石景山区古城南路万荟MART,"116.192218,39.911160"
魔豆英文阅读,海淀区华清嘉园7-6号华清商务会馆1701,"116.333465,39.992414"
育新苗教育,海淀区瑞旗家园28号楼1层101,"116.363139,40.066087"
爱华英语,石景山区古城北路地铁家园平台2层,"116.188461,39.917885"
优优英语,安阳市北关区东工路与永安街交叉口北100米路东,"117.117577,40.538147"
优优英语学校,通州区新华东街132号二层,"116.668346,39.908362"
北纬森教育,北京市北京市朝阳区东土城路8号林达大厦B座-5L,"116.432752,39.956399"
史蒂夫英语,西城区德胜置业大厦6号楼2层,"116.382550,39.962606"
新源学校,北京市北京市朝阳区左家庄前街1号百灵大厦二楼,"116.444346,39.953898"
金汉嘉英美外教(合生汇校区),北京市北京市朝阳区东九路与广渠路辅路交叉口东北40米,"116.475712,39.893455"
新通留学·雅思托福·英语小语种(北京校区),北京市北京市朝阳区北京城区华熙国际中心C座602,"116.456479,39.906990"
藤跃国际教育望京西园校区,北京市北京市朝阳区望京街道阜通西大街望京西园四区415号楼105号临街商铺(开元中医大门进入),"116.473082,39.995999"
奥思麦思维英语,北京市朝阳区北苑路170号凯旋城C座2楼,"116.418039,39.996814"
鼎校?未来星成长中心,北京市北京市朝阳区松榆西里43号楼(潘家园地铁站C1东南口步行220米),"116.460695,39.874463"
爱涞课思儿童能力提升馆,北京市丰台区连兴街中奥嘉园一期3号楼底商103室,"116.187059,39.838497"
牛娃学府,北京市北京市朝阳区望京花园东区212号楼3层,"116.476000,40.008300"
厚海原版英语,海淀区西二旗大街融通高科大厦,"116.309329,40.052164"
快乐开始原本少儿绘本,东城区世隆国际公寓B座204,"116.416334,39.928359"
宾果少儿英语阅读馆,朝阳区望京悠乐汇E座1706,"116.478740,39.989817"
悦伴原版阅读,朝阳区望京soho塔1A座802,"116.470293,39.996171"
绘佳快乐英语,海淀区上地东路颐泉汇1号楼,"116.313384,40.036009"
外研社分级阅读馆,大兴区天宝北街贵园东里南区,"116.487852,39.797204"
外研壹佳UNICLUB,东城区和平里街道安定门外大街66号3幢101,"116.408711,39.958582"
安妮花阅读馆,丰台区工商联大厦A座304,"116.284869,39.835415"
甫山览小阅读空间,丰台区航天万源广场4层,"116.423310,39.803042"
小读者阅读馆,朝阳区甜水园街16号甜水园图书文化巷3楼327,"116.478902,39.928580"
Hello Reading 少儿阅读,东城区福祥胡同7号四合院,"116.410374,39.925372"
安妮阳光英语,房山区广阳新路房山印象城F3,"116.210552,39.752953"
乐思英语阅读馆,顺义区泰和宜园底商15号楼101美丽汇商场西侧50米,"116.649302,40.176251"
呤呤绘本馆,朝阳区芳园南里9号院6号楼1楼120号,"116.485094,39.970726"
新苗阅读托管,延庆区绿韵广场高塔街甲58号117-118,"115.986877,40.465303"
奥斯卡亲子阅读馆,顺义区燕京街32号上品+城市奥莱顺义店F2,"116.669704,40.103393"
学齐智启蒙阅读馆,朝阳区广顺北大街望京西园四区420号楼3层,"116.469209,39.996437"
爱上阅读绘本馆,房山区大于路北京城建琨廷漫缇东北侧50米,"116.068078,39.673898"
邦妮阅读馆,顺义区后沙峪白露广场3层311,"116.532187,40.097225"
哇哇读阅读馆,密云区密云万象汇F1-2南-17室,"116.834034,40.355555"
"创元国际儿童教育(方庄校区)
",北京市丰台区方庄六号紫芳园六区北侧底商1单元214号(近北京四中璞瑅学校),"116.440516,39.859977"
大猫家阅读馆,昌平区高教园北四街恒大城7号院地下1层B146-147,"116.261599,40.169724"
瑞乐少儿教育光彩校区,北京市北京市丰台区贾家花园3号院建邦华府小区20号楼1层,"116.415197,39.850011"
自在阅读馆,海淀区中关村南大街17号韦伯时代中心C座1103,"116.321644,39.954035"
"小树苗教育(托管家庭教育咨询心理咨询)
","北京市北京市丰台区西罗园二区四号楼底商小树苗托管
","116.390521,39.859647"
"萌果棒棒堂教育
",北京市北京市丰台区草桥路一号院丰汇中心一号楼三层,"116.352556,39.850050"
北京择强教育,"北京市丰台区宋家庄交通枢纽一区4层4126室
","116.429549,39.844838"
可派阅读,西城区紫园新丰里Z9-1-4库迪咖啡一层,"116.353855,39.922589"
强思阅读成长中心,大兴区兴业大街清城-南区,"116.328615,39.737297"
班尼牛原版阅读管,西城区西直门外大街18号楼,"116.348770,39.938732"
从荣智慧教育,东城区东直门外大街宇飞大厦,"116.437378,39.940312"
莱恩阅读,平谷区金河街马坊镇政府东南侧120米,"117.013525,40.059700"
思迈尔阅读馆,平谷区建设西街11号,"117.106848,40.136898"
蓓尔阅读馆,昌平区同城街40-5号（回龙观地铁向西200米）,"116.324618,40.064687"
读小星阅读馆,西城区复兴门外大街15号北京长安商场F3,"116.345652,39.907938"
兰可琪绘本馆,顺义区木北路嘉都商区101-105,"116.822613,40.048064"
小象英语阅读绘本馆（大兴）,大兴区永兴路7号院1号楼龙湖北京大兴天街2层01号,"116.320901,39.687444"
小象英语阅读绘本馆（丰台）,丰台区万丰路68号院银座和谐广场2层227,"116.297342,39.882318"
"赶考小状元小初高提升(AI)智能自习室(总店)
","北京市北京市丰台区文林北街1号院西山国际中心4号楼底商
","116.096441,39.811279"
"北京绿星教育
",北京市北京市丰台区东大街42号(丰台东大街地铁站A西北口步行130米),"116.293570,39.855757"
"领航启智教育
",北京市北京市丰台区云河酒店8层,"116.286726,39.858538"
"嘉年同生教育(右安门校区)
",北京市北京市丰台区右安门外东二条53号1层101,"116.364578,39.863216"
"乐学汇教育
","北京市北京市丰台区丰桥路8号院甲14号楼
","116.309517,39.848299"
"全脑智慧岛教育培训中心
","北京市北京市丰台区西罗园北路洋桥北里20号楼
","116.381059,39.862068"
"慧雨宸教育(丰台校区)
",北京市丰台区久敬庄路甲2号久敬佳园一区3号楼底商5-6号,"116.407908,39.821381"
外研社分级阅读馆（臻美云岗分馆）,北京市丰台区王佐镇天空城堡北侧教学楼二层东臻美原创艺术坊,"116.148532,39.808051"
"贝思阅读馆
",北京市丰台区太平桥街道菜户营西街67号,"116.341958,39.872533"
"外研社分级阅读知行绘本馆
","北京市丰台区嘉和路4号天阳亲子广场2楼
","116.365674,39.845359"
"薄荷叶儿童绘本馆
",北京市丰台区马家堡路89号万利街三层,"116.378350,39.839944"
"卫斯塔国际儿童艺术馆(丰台南宫校区)
","北京市北京市丰台区大灰厂路南宫商业街综合市场天空城堡二层
","116.149372,39.808117"
"爱乐蓓国际儿童成长中心
","北京市北京市丰台区方庄镇南三环六号1号楼底商
","116.431997,39.864132"
"乐优未来儿童成长中心
",北京市北京市丰台区青塔秀园5号楼底商二层,"116.263131,39.889708"
KEEP READING,北京市丰台区镇国寺北街草桥欣园一区六号楼底商八颗牙教育广场3楼E号,"116.356413,39.846251"
美克教育（北新桥校区）,北京市东城区东直门内大街277号美克国际英语培训中心3楼,"116.417233,39.941529"
智慧家教育（和平之星亲子广场店）,北京市东城区和平之星亲子广场F2,"116.424533,39.957264"
三四启智国际成长中心,北京市东城区广渠门内大街幸福家园21号楼101,"116.430567,39.891065"
安定艺坊青少年成长中心,北京市东城区安定门街道柴棒胡同59号甲三层,"116.405357,39.946480"
奥兰星儿童成长中心,北京市东城区南花市大街1号,"116.427252,39.896997"
中科智慧培训成长中心,北京市东城区东花市街道鼎新大厦,"116.436213,39.894194"
呱呱全美英语,北京市东城区新景家园东区1号楼78号,"116.425298,39.897017"
Wendy的英文教室,北京市朝阳区北苑,"116.413921,40.031665"
悠贝亲子图书馆(丰台马家堡馆),北京市丰台区大红门西路19号物美大卖场三层（银泰对面）,"116.387259,39.844258"
博众未来综合成长中心,北京市东城区东直门外大街48号东方银座D座17层17D,请求出错
"环球雅思托福THiNK留学语言培训学校(首经贸校区)
",北京市丰台区新村街道百经贸北路8号院,"116.430255,39.855003"
小象英语阅读绘本馆(北京丰台银座店),北京市丰台区万丰路68号院银座和谐广场2层227号,"116.297342,39.882318"
悦读奇缘亲子图书馆(银座和谐广场店),北京市丰台区万丰路68号院银座和谐广场三楼336室,"116.297342,39.882318"
哇噻托管,北京市东城区北京inn3号楼3层311,请求出错
畅想童年双语艺术培训园,北京市丰台区大红门南路58号,"116.395668,39.817709"
英语单词速记,北京市丰台区-看丹街道百强大道10号,"116.292248,39.832776"
知了剑桥英语绘本(正阳校区),丰台街道正阳北里小区1号楼底商,"116.266273,39.854390"
上学堂英语托管班,北京市丰台区石榴园北里42号楼二单元224室,"116.420257,39.846223"
企鹅家族英语,北京市丰台区蒲方路芳星园二区六号楼时代life广场三层,"116.434917,39.864596"
Reading Garden蒙睿童,北京市朝阳区常营地区常惠路V中心4号楼1层北侧,"116.599371,39.929812"
山姆乐柠成长中心,北京市丰台区育仁南路3号院3号楼诺德中心12号楼,"116.306437,39.825429"
优乐托素养中心,北京市北京市丰台区北京城区大成南里四区1号楼-1至1层1-6,"116.269925,39.887777"
维思戏剧—WiseDrama(右安门校区),北京市北京市丰台区北京城区开阳路3号院1号楼7层811,"116.373817,39.867937"
精英教育少儿学习,"北京市东城区东直门北大街清水苑社区内2号底商
","116.434740,39.948571"
安妮花阅读馆(科技园馆),北京市北京市丰台区工商联大厦A座304室(富丰桥地铁站A西北口步行290米),"116.287254,39.835977"
艾森国际教育,北京市朝阳区清河营南街华贸天地西区,"116.428073,40.048508"
彩虹双语乐育空间,北京市朝阳区天通苑东二区40号楼4单元101底商,"116.439357,40.065450"
夕照寺青少年成长中心,"北京市东城区夕照寺街16-5号
","116.441437,39.884985"
伊立特英语,朝阳,"116.443136,39.921444"
安南英语Demi老师,廊坊永清,"116.407387,39.904179"
乔励绘本馆,北京市昌平区东小口镇天通北苑二区甲33号楼3层102,"116.424979,40.076818"
英语老师Leona,线上,"116.407387,39.904179"
培新课堂,北京市朝阳区安贞街道安华里五区13号楼504号B座,"116.403557,39.964629"
欧文语言中心,"北京市东城区北京城区新裕商务大厦A座802(磁器口地铁站G东南口步行115米)
","116.418870,39.893093"
益学倍思铭教育,"北京市东城区长保大厦3层整层(广渠门内地铁站D西南口步行390米)
","116.440154,39.894682"
澳思儿童成长中心,北京市东城区广渠门内大街西花市南里东区15号楼1层101,"116.427245,39.895113"
几米稚家(广渠门店),"北京市东城区广渠门内大街36号幸福家园1-6底商
","116.429756,39.893293"
"长鲸智学青少年成长中心(东直门校区)
","北京市东城区北京城区东中街40号东四十条地铁站B东北口步行400米
","116.433238,39.933969"
瑞思少儿中心,"北京市东城区广渠门内大街27号鼎新大厦二层
","116.436213,39.894194"
北京好好少年成长中心,"北京市东城区建国门街道西总布胡同92号
","116.423239,39.912008"
学思东朝青少年成长中心,"北京市东城区鼎新大厦5层(广渠门内地铁站B东北口步行110米)
","116.440154,39.894682"
美伴加少儿英语,"北京市西城区广安门内大街广益大厦A座9层
","116.355279,39.890368"
慧读国际高端少儿英语,"北京市西城区马连道路80号12号楼二层底商08慧读国际
","116.329468,39.876812"
牛街街道晴耕雨读阅读空间,"北京市西城区枣林前街丙21号楼内
","116.361279,39.883542"
三一国际英语(官园校区),"北京市西城区西直门南小街国英园7号楼7-1
、","116.358907,39.934660"
金融街惠泽儿童成长中心,"北京市西城区富国里1号楼(平安里地铁站L口步行390米)
","116.364995,39.931058"
瑞思少儿中心,"北京市西城区西直门南大街2号成铭大厦D座1层(西直门地铁站C东南口步行50米)
","116.356725,39.939667"
圣恩英语,"北京市西城区地安门西大街丙28号(近北京四中)平安商务写字楼A座203
","116.385167,39.932856"
瑞思少儿中心,"北京市西城区北京城区马连道南街6号1号楼华睦大厦3层3C101号
","116.324518,39.883171"
梧桐花香儿童成长中心,"北京市西城区右安门内大街半步桥街甲48号华龙商务楼一层
","116.368211,39.871584"
童心童行托管,"北京市西城区右安门内59号童心童行(国华酒楼2层)
","116.363661,39.876780"
华福英语,"北京市西城区白纸坊街道京客隆(里仁街店)东南56米
","116.372772,39.875847"
西城汉英培训学校,"北京市西城区宣武门外大街8号庄胜广场南馆一层
","116.375510,39.896324"
启润成长中心,"北京市西城区万博商厦703号(王府井生活中心楼上)
","116.364849,39.871841"
外研社分级阅读馆慧悦读旗舰馆,"北京市西城区北礼士路100号2楼
","116.353395,39.924648"
"
阳光教育","北京市西城区太平街6号富力摩根中心D座3楼322室
","116.388532,39.880099"
德文青少年成长中心,"北京市西城区展览路街道北京进步小学东南87米
","116.347634,39.936576"
乐乐学堂,"北京市西城区新街口西里三区甲一号楼八单元底商103
","116.366318,39.943158"
京师海码青少年成长中心,"北京市西城区新风街紫园新风里Z9西南角
","116.353855,39.919520"
贝爱托管,"北京市西城区白广路35号203室
","116.358409,39.881662"
悦绘优佳亲子阅读成长中心,"北京市西城区复兴门外大街4号楼北京市复兴商业城F1
","116.351302,39.906891"
特伦鼎力教育,"北京市西城区广义街5号院(广益大厦A座)
","116.355279,39.890368"
望京独立老师Lucy,北京市朝阳区望京,"116.470293,39.996171"
熊猫悦读会儿童书店,北京市房山区长阳镇半岛金街3号楼209-210,"116.212070,39.755785"
力道英语,北京市海淀区万寿路街道永定路88号长银大厦4层4C12,"116.265275,39.905256"
启慧文化,北京市顺义区石原街道石原南区33号楼四单元403,未匹配
知子英语小课堂,北京市西城区马连道中里一区12号楼,"116.329615,39.886460"
北京未来佳优教育,北京市丰台区六里桥风荷曲苑北门东侧底商二楼105室,"116.300908,39.884321"
恩雅福娜少儿英语阅读素养馆,北京市朝阳区东柏街28号北汽双井文创园E101,"116.459604,39.913950"
马承英语,北京市昌平区天通苑19号楼文化创业园9-10门（西二宾馆）,"116.410660,40.071210"
福彻教育,北京市朝阳区四季星河中街1号院甲6号2层,"116.520934,39.928414"
巧虎KIDS北京朝阳乐成中心,北京市朝阳区双井乐成中心space3层3-12,"116.462557,39.894701"
乐思英语,北京市顺义区石原街道石原大街石原-北区,"116.347967,40.002857"
星辰少儿英语,北京市朝阳区高碑店康家园4号楼1层109室,"116.532109,39.902884"
山姆大叔教育（天健广场校区）,北京市大兴区枣园路26号院1号楼,"116.316655,39.752842"
恒星阅读成长中心,北京市朝阳区和平街街道金泰腾达写字楼8座腾达写字楼,"116.432530,39.957296"
太阳风绘本馆,北京市朝阳区大望路甲3号蓝堡国际中心1座,"116.477313,39.912074"
朝阳英语课线上一对一,北京市朝阳区,"116.443136,39.921444"
